{
  "train_loss": [
    0.10827650237728709,
    0.049120439877626675,
    0.03537664934030582,
    0.028189891148168517,
    0.026635972263985813,
    0.023730564735936297,
    0.021262328292965434,
    0.017752305013665155,
    0.015142993279064564,
    0.012285862762922877,
    0.007641137788221163,
    0.007375557518810879,
    0.004759704146576673,
    0.00351909870937654,
    0.0026290353281424638,
    0.003535475321691871,
    0.0011537632660561866,
    0.0010766806462502894,
    0.0006196390113036985,
    0.0005574219173769627
  ],
  "train_acc": [
    0.9604591836734694,
    0.9845663265306123,
    0.9887117346938775,
    0.9907525510204082,
    0.9913265306122448,
    0.9935586734693878,
    0.9933673469387755,
    0.9947066326530613,
    0.9946428571428572,
    0.996109693877551,
    0.9977678571428571,
    0.9975765306122449,
    0.9980867346938775,
    0.9991071428571429,
    0.999234693877551,
    0.9988520408163265,
    0.9997448979591836,
    0.9997448979591836,
    0.9998724489795918,
    0.9998724489795918
  ],
  "val_loss": [
    0.10039845846126058,
    0.12526632001120752,
    0.05149476179204146,
    0.025234111028462625,
    0.09313422774588169,
    0.06454202056780467,
    0.05554448733910227,
    0.10944722886955838,
    0.03329795037975422,
    0.01858546706021727,
    0.0066135960293523454,
    0.007205655502986526,
    0.01099551682319012,
    0.006177644012011388,
    0.004012938289784215,
    0.0019743621153411606,
    0.0031545728308518587,
    0.0025630725371933367,
    0.0024222766345359252,
    0.0025916696896451873
  ],
  "val_acc": [
    0.964922711058264,
    0.9509512485136742,
    0.9815695600475625,
    0.9892984542211652,
    0.9604637336504162,
    0.9830558858501783,
    0.9771105826397146,
    0.9551129607609988,
    0.987217598097503,
    0.9940546967895363,
    0.9979191438763377,
    0.9970273483947681,
    0.995243757431629,
    0.998513674197384,
    0.9988109393579072,
    0.9994054696789536,
    0.9991082045184304,
    0.9997027348394768,
    0.9997027348394768,
    0.9997027348394768
  ],
  "val_metrics": [
    {
      "accuracy": 0.964922711058264,
      "precision_weighted": 0.9649909820377107,
      "recall_weighted": 0.964922711058264,
      "f1_weighted": 0.9624961203026251,
      "precision_Attentive": 0.967032967032967,
      "recall_Attentive": 0.707774798927614,
      "f1_Attentive": 0.8173374613003096,
      "support_Attentive": 